x,y,z,roll,pitch,yaw,robot1/joint1,robot1/joint2,robot1/joint3,robot1/joint4,robot1/joint5,robot1/joint6,robot1/joint7,robot2/joint1,robot2/joint2,robot2/joint3,robot2/joint4,robot2/joint5,robot2/joint6,robot2/joint7
0.0,-0.1,0.8,0.5235987755982988,0.0,0,1.7614827,-0.74344486,-1.0348853,-0.27061138,0.5773306,-0.003051756,0.2331402,1.1888099,1.2761006,-0.75247616,-0.23046684,-0.24609208,1.3666713,0.9447088
0.0,-0.1,0.8,0.5235987755982988,0.0,0,0.90029013,-0.7015712,1.2648771,-0.34061724,-0.53604317,-0.06736669,-0.02252415,1.1707481,0.98379356,-0.6089372,0.0015006601,-0.1460658,1.4505161,0.69677025
0.0,-0.1,0.8,0.5235987755982988,0.0,0,0.6778812,-0.8661247,-0.10162083,-0.66261387,-0.50125533,0.004010973,0.057640348,1.3447951,1.799136,-0.88954335,0.13779852,-0.08399272,1.365135,0.9222169
0.0,-0.1,0.8,0.5235987755982988,0.0,0,0.55475974,-0.7994691,0.67082334,-0.7678754,-0.9239116,0.0931291,-0.15883437,1.4970317,1.4661484,-0.54704136,0.16299184,-0.14800794,1.4411659,0.81876844
0.0,-0.1,0.8,0.5235987755982988,0.0,0,1.8270979,-0.54347503,-0.11449497,-1.0085003,0.35588956,-0.3704694,-0.077767625,1.5981811,0.9854394,-0.44854578,0.06649204,-0.12946159,1.2682142,1.0019488
0.0,-0.1,0.8,0.5235987755982988,0.0,0,1.1751307,-0.592664,0.3030283,-0.38173974,-1.0369948,0.11809115,0.0024733867,1.0529398,1.4116863,-0.8789496,-0.060852557,-0.25032768,1.3979121,0.91897684
0.0,-0.1,0.8,0.5235987755982988,0.0,0,1.8802564,-0.80166686,-0.12635563,-0.3534924,-0.43587846,0.14039463,-0.18453985,1.2004507,1.0058542,-0.78087986,0.09082462,-0.24289009,1.3275588,0.9844715
0.0,-0.1,0.8,0.5235987755982988,0.0,0,1.0707792,-0.91326445,0.97610134,-0.050368316,0.16900855,-0.27980494,-0.75689006,1.5717621,0.9475242,-0.2692325,0.07402725,-0.23427375,1.3554065,0.9456768
0.0,-0.1,0.8,0.5235987755982988,0.0,0,0.7454865,-0.60433185,1.1614301,-0.61947703,-0.48483762,-0.0044461065,0.017190699,1.319568,1.21277,-0.6704511,0.093055,-0.034834303,1.3030308,0.5923888
0.0,-0.1,0.8,0.5235987755982988,0.0,0,0.612503,-0.8498569,0.040027555,-0.33006927,-0.5435971,-0.32364354,-0.18915309,1.2065067,1.3313429,-0.55822027,0.06414566,-0.16319948,1.4239438,0.9902794
0.0,-0.1,0.8,0.5235987755982988,0.0,0,0.9483698,-0.5829284,0.28624454,-0.30670834,-0.024027994,-0.13938338,-0.29535368,1.3641676,1.0411111,-0.71158296,0.068399884,-0.17877807,1.3470662,0.9017762
0.0,-0.1,0.8,0.5235987755982988,0.0,0,-0.1831106,-0.8124306,0.14864881,-0.82644403,-0.043933555,-0.2784622,-0.37937322,1.1927086,1.2461624,-0.3142339,0.13828331,-0.33327535,1.3310391,0.7121315
0.0,-0.1,0.8,0.5235987755982988,0.0,0,0.36965156,-0.3760425,0.11350903,-0.66909057,-0.05417145,-0.26661673,0.011252533,1.4030209,0.84963983,-0.7650649,0.030395094,-0.1318036,1.2741961,0.778216
0.0,-0.1,0.8,0.5235987755982988,0.0,0,-0.23201069,-1.0244037,0.29665008,-0.81084156,-0.16499431,-0.07401969,-0.08292603,1.3459698,0.9253331,-0.91909015,-0.18894023,-0.11879205,1.4686255,0.7062697
0.0,-0.1,0.8,0.5235987755982988,0.0,0,-0.19448939,-0.9504072,0.58162564,-0.619418,-0.10561427,0.14051136,-0.03526145,1.3603803,0.9599156,-0.31232798,-0.23985806,-0.60942566,1.4060144,0.7982049
0.0,-0.1,0.8,0.5235987755982988,0.0,0,0.65297806,-0.66369337,0.038417667,0.15987423,0.080502145,0.22184612,-0.36192182,1.2503757,0.88621354,-0.5267029,0.13609426,-0.37582928,1.4995608,0.94060135
0.0,-0.1,0.8,0.5235987755982988,0.0,0,0.13121536,-0.78629136,-0.06778042,-0.8853083,-0.6046511,0.06964014,-0.16098753,1.2092103,1.2129925,-0.7125655,0.26746842,-0.31124288,1.3394688,0.9045325
0.0,-0.1,0.8,0.5235987755982988,0.0,0,0.64815164,-0.6623303,-0.87586,-0.40590337,0.24713127,0.070461206,0.07071289,1.3562908,1.0499592,-0.9518759,-0.08164384,-0.25972688,1.4095026,0.94512856
0.0,-0.1,0.8,0.5235987755982988,0.0,0,1.8085908,-1.1801767,0.4162321,-0.2551247,0.26486766,0.010492741,-0.014383785,1.1472661,1.479391,-0.9739863,-0.24870464,-0.37052712,1.3372184,0.9474144
0.0,-0.1,0.8,0.5235987755982988,0.0,0,1.6446764,-0.636638,-0.026788054,-0.7840837,-0.29925454,0.023174804,0.48914984,1.4105102,1.3528463,-0.7141515,-0.13040867,-0.29507095,1.2932721,0.9054789
0.0,-0.1,0.8,0.5235987755982988,0.0,0,0.8400234,-0.8878512,0.37148875,-0.5236289,0.25993642,-0.045176875,0.0801124,1.4709128,1.2195746,-0.5031262,-0.33543944,-0.36390698,1.3233961,0.9050368
0.0,-0.1,0.8,0.5235987755982988,0.0,0,0.85041046,-0.9876221,0.35895422,-0.29077187,-0.9274213,0.2841101,-0.34567493,1.3582854,1.037396,-0.5962,-0.10506977,-0.30633056,1.2185029,0.9401155
0.0,-0.1,0.8,0.5235987755982988,0.0,0,1.2573609,-0.22684947,-0.82494354,-0.4648967,0.5813557,-0.11468323,0.22337182,1.350654,1.2638742,-0.73898524,-0.15528126,-0.11324145,1.4721096,0.98334
0.0,-0.1,0.8,0.5235987755982988,0.0,0,-0.10393641,-0.077216014,0.09042166,-0.18890545,0.61349034,-0.08012364,0.12001526,1.3492063,1.0046656,-0.76541823,-0.056194864,-0.3143174,1.3918668,0.8832401
0.0,-0.1,0.8,0.5235987755982988,0.0,0,0.19784309,-0.32426283,0.5703554,-0.7247105,-0.5465505,-0.12712798,-0.37222835,1.4093885,1.0611358,-0.56108606,-0.4214772,-0.20378433,1.5050064,0.8530267
0.0,-0.1,0.8,0.5235987755982988,0.0,0,1.1745981,-0.22276731,-0.2551171,-0.646634,-0.2046212,-0.073411845,-0.08655184,1.4019045,1.1802868,-0.64379245,-0.1986143,-0.3024334,1.2801718,0.94250125
0.0,-0.1,0.8,0.5235987755982988,0.0,0,0.3516693,-0.44710672,1.0525403,-0.723503,0.94159454,0.08612084,0.15621515,1.5956545,1.3222605,-0.32944506,-0.24085295,-0.15203913,1.3790956,0.8177466
0.0,-0.1,0.8,0.5235987755982988,0.0,0,0.25698173,-0.9720394,1.5053223,-0.0912813,-0.6322279,-0.29401115,-0.2283291,1.3165606,1.4946935,-0.85373914,-0.0027054716,-0.3513155,1.3788841,0.77165097
0.0,-0.1,0.8,0.5235987755982988,0.0,0,0.7698031,-0.7971171,-0.065555416,-0.3565981,-0.6805694,0.13335371,-0.15662226,1.2672145,1.4379215,-0.8504447,-0.26016644,-0.105440825,1.4156783,0.8596603
0.0,-0.1,0.8,0.5235987755982988,0.0,0,1.1405233,-1.018625,-0.16752367,-0.5866182,0.06832645,-0.23389566,-0.16076861,1.0487957,1.7480116,-0.50112975,-0.10411186,-0.25647384,1.4342524,0.994184
0.0,-0.1,0.8,0.5235987755982988,0.0,0,1.5506474,-0.44632226,-1.0513432,-0.68144196,0.47561032,-0.10561784,0.006068196,0.99419916,1.3997277,-0.6009749,-0.20685498,-0.3054682,1.4925393,0.82525814
0.0,-0.1,0.8,0.5235987755982988,0.0,0,1.0214589,-0.83050036,-0.09765558,-0.65172064,0.7343178,-0.08757133,-0.03790525,0.9764791,1.5194961,-0.523527,-0.24035071,-0.038271617,1.4529477,0.82997817
0.0,-0.1,0.8,0.5235987755982988,0.0,0,0.60543597,-0.9459363,-0.08518997,-0.24969259,0.10425691,-0.41414535,0.023512505,1.404074,1.7030886,-0.3007653,-0.20606859,-0.04355268,1.285933,0.7989997
0.0,-0.1,0.8,0.5235987755982988,0.0,0,0.78267413,0.047435034,0.27320698,-0.51320183,0.30859128,-0.030478122,-0.011574927,1.1273924,1.529299,-0.75769216,-0.027719738,-0.4029848,1.3160071,0.7541716
0.0,-0.1,0.8,0.5235987755982988,0.0,0,0.011491614,-1.0748125,1.0019779,-1.1523155,-0.019985203,0.09078801,0.2788416,1.3751845,1.5236682,-0.4070823,-0.084040515,-0.080239825,1.317114,0.96714336
0.0,-0.1,0.8,0.5235987755982988,0.0,0,0.85388756,-0.7233212,0.6177179,-0.5089219,0.15825547,-0.075253196,-0.1551296,1.2935747,1.026952,-0.671582,-0.28614652,-0.33559385,1.4059125,0.9035741
0.0,-0.1,0.8,0.5235987755982988,0.0,0,-0.0023453704,-0.81581646,1.0913242,-0.8629525,0.42479244,-0.0773453,0.06491963,1.4539613,1.2705631,-0.77595127,0.020349855,-0.15944299,1.3848215,0.9398815
0.0,-0.1,0.8,0.5235987755982988,0.0,0,2.0584204,-0.98133856,-0.13788939,-0.8103011,0.20646293,-0.33735797,-0.17168501,1.4360576,1.0659944,-0.575362,-0.09975871,-0.2871087,1.2860855,0.91707546
0.0,-0.1,0.8,0.5235987755982988,0.0,0,-0.16533165,-0.4104407,-0.45269635,-0.46410838,-0.24952129,0.009605535,-0.076878965,1.3652003,1.558134,-0.7649187,-0.27700493,-0.20983955,1.2667176,1.0134963
0.0,-0.1,0.8,0.5235987755982988,0.0,0,0.51122254,-0.884636,-0.6531567,-0.7356516,0.0742901,-0.09801153,-0.15553747,1.3480076,1.107735,-0.63581574,0.072289005,-0.086876824,1.3873441,0.6619235
0.0,-0.1,0.8,0.5235987755982988,0.0,0,0.4842761,-0.47838193,1.4598328,-0.48790017,0.22723019,0.049787913,-0.093226366,1.2592655,1.4184499,-0.49453342,-0.060272332,-0.126942,1.411083,0.8842054
0.0,-0.1,0.8,0.5235987755982988,0.0,0,1.0205923,-0.16697702,-0.27683222,-0.15000841,0.24438702,0.21298873,-0.33210355,1.3324106,1.303584,-0.5990404,-0.114516854,-0.25834724,1.4972894,0.8953643
0.0,-0.1,0.8,0.5235987755982988,0.0,0,0.89915234,-0.2748395,0.38282344,-0.6640276,-0.92480344,-0.075019196,-0.29039937,1.3753208,1.2441528,-0.2748329,-0.09076272,-0.24812426,1.2758858,0.82294893
0.0,-0.1,0.8,0.5235987755982988,0.0,0,1.5279874,-0.6723379,1.229337,-0.62942255,-0.5419633,0.028217487,-0.11239589,1.4091098,1.4208649,-0.39855632,-0.007944441,-0.17953104,1.4652258,0.94231313
0.0,-0.1,0.8,0.5235987755982988,0.0,0,0.55889136,-0.43492603,1.1124274,-0.08730381,0.089041114,-0.25217733,0.15628389,1.3770847,1.1069167,-0.9152209,-0.12720177,-0.22381884,1.3870348,0.9214248
0.0,-0.1,0.8,0.5235987755982988,0.0,0,0.64515376,-0.91142464,0.3163283,-0.755257,0.15474746,-0.19654644,-0.1209485,1.3413724,0.84925216,-0.63063854,0.22466081,-0.13526697,1.394672,0.8517741
0.0,-0.1,0.8,0.5235987755982988,0.0,0,0.980071,-0.9278127,-0.038694862,-0.16105433,-0.01507466,-0.120027386,0.19323365,1.5103617,1.0617315,-0.7116886,0.03314862,-0.20244215,1.3481524,1.0117699
0.0,-0.1,0.8,0.5235987755982988,0.0,0,1.564089,-0.924889,-0.5127978,-0.70419735,-0.6823153,-0.106797695,-0.41907537,1.5386606,1.3039713,-0.6293677,0.07426873,-0.037323736,1.5428519,0.91553646
0.0,-0.1,0.8,0.5235987755982988,0.0,0,0.3648289,-0.4560723,-0.15404963,-0.34081346,0.06253889,-0.31695873,-0.17355558,1.3582442,1.168316,-0.28373334,0.121792495,-0.26141214,1.4902964,0.9200454
0.0,-0.1,0.8,0.5235987755982988,0.0,0,1.3852873,-0.8801051,-0.2507173,-0.61903477,0.30934033,0.27899808,-0.20127715,1.2637693,1.2916653,-0.44577333,-0.060314264,-0.49012068,1.4867984,0.8606575
0.0,-0.1,0.8,0.5235987755982988,0.0,0,-0.16829139,-0.35579973,-0.37301174,-0.5924618,0.6215482,-0.18688338,-0.24492732,1.2559248,1.6453061,-0.41638568,-0.005340211,-0.050521784,1.4643596,0.9565507
0.0,-0.1,0.8,0.5235987755982988,0.0,0,1.2851989,0.07718716,0.40198278,-0.7959934,0.23190357,-0.11914528,-0.14964578,1.1466864,1.3966562,-0.60214,-0.0005936005,-0.19042191,1.3705773,0.83152515
0.0,-0.1,0.8,0.5235987755982988,0.0,0,0.9378954,-0.6285989,0.6423264,-0.52094495,-0.2786174,0.0035818373,-0.13625082,1.3620373,0.99746174,-0.6250824,-0.16544399,-0.30749094,1.3194757,0.93946093
0.0,-0.1,0.8,0.5235987755982988,0.0,0,0.37578836,-0.31655562,0.17397285,-0.25306335,-0.6154829,0.0389633,0.042007186,1.3988054,1.3413486,-0.60384506,-0.05009892,-0.35460895,1.4265817,0.9673577
0.0,-0.1,0.8,0.5235987755982988,0.0,0,0.8505726,-0.21403931,0.7419046,-0.5561342,-0.10139692,0.23718232,0.3239279,1.2844497,1.0103031,-0.88180697,-0.32504123,-0.21678892,1.3735945,0.9265417
0.0,-0.1,0.8,0.5235987755982988,0.0,0,-0.55781764,-0.731269,-0.63048995,-0.38868612,-0.30398545,-0.5474522,0.21523052,1.3178643,0.73560023,-0.7395728,-0.0109931035,-0.17051971,1.4865963,0.9708967
0.0,-0.1,0.8,0.5235987755982988,0.0,0,1.0202447,-0.3746626,-1.0175066,-0.46597987,0.40755686,-0.24318345,0.32657525,1.2986228,0.9853829,-0.8451891,0.10780245,-0.24156705,1.4148638,0.7379253
0.0,-0.1,0.8,0.5235987755982988,0.0,0,0.9535569,-0.83967954,-0.045640156,-0.53681165,0.53709537,-0.13468838,0.04362425,1.16521,1.7177993,-0.52543557,-0.020139193,-0.18307622,1.3658559,0.8870294
0.0,-0.1,0.8,0.5235987755982988,0.0,0,1.1949989,-0.43172455,0.8628082,-0.4747049,0.46990722,-0.10345185,0.24755566,1.3436065,1.1570842,-0.6389407,0.013157867,-0.3555372,1.3559763,0.87753934
0.0,-0.1,0.8,0.5235987755982988,0.0,0,0.38445514,-0.2965621,0.20765676,-0.36158773,-0.2477954,-0.36775333,0.09065828,1.3708204,1.2740781,-0.7610159,0.09980011,-0.37243128,1.5483747,0.99062663
0.0,-0.1,0.8,0.5235987755982988,0.0,0,0.51394355,-0.9101649,-0.04539152,-0.23628457,-0.14424907,-0.20020634,0.25100833,1.1785951,1.285588,-0.7060641,-0.031482276,-0.17740116,1.2260901,0.8144082
0.0,-0.1,0.8,0.5235987755982988,0.0,0,1.6621709,-0.80968815,0.61941683,-0.44790375,0.42742318,-0.14287217,0.30411118,1.5052453,1.327903,-0.5607071,-0.11618235,-0.34146473,1.3586715,1.0309724
0.0,-0.1,0.8,0.5235987755982988,0.0,0,1.3057233,-0.8776466,-0.18163045,-0.3035759,0.14992122,-0.27037683,-0.21216199,1.4158481,1.1079211,-0.75460434,-0.011022809,-0.11325804,1.4308574,0.8793786
0.0,-0.1,0.8,0.5235987755982988,0.0,0,0.8191185,-0.8284764,1.132648,-0.45317486,0.31996903,-0.17339681,0.050768293,1.2643088,1.0240428,-0.64219683,-0.05857569,-0.2735272,1.4881179,0.9356051
0.0,-0.1,0.8,0.5235987755982988,0.0,0,1.0468316,-0.6821256,-0.43424147,-0.78899217,-0.45852783,0.2554042,0.40011278,1.2671438,1.0145825,-0.7092376,-0.25424576,-0.1832406,1.4942625,1.1374002
0.0,-0.1,0.8,0.5235987755982988,0.0,0,1.3733965,-1.1431667,0.43483752,-0.8146818,-0.07638576,-0.13238446,-0.15343784,1.3344108,0.9541891,-0.41385594,-0.096966274,-0.2455979,1.4105147,1.0250862
0.0,-0.1,0.8,0.5235987755982988,0.0,0,1.7034847,-1.0426824,-0.1259756,-0.3608636,-0.3564868,0.29126596,0.06298104,1.4559484,1.2562234,-0.6683162,-0.036912795,-0.12926425,1.4909307,0.6662162
0.0,-0.1,0.8,0.5235987755982988,0.0,0,-0.46927547,-0.19186857,0.9351853,-0.27687934,-0.120467305,-0.1554166,0.100487955,1.334862,1.2597352,-0.5686386,-0.00536563,-0.2834498,1.4443107,0.9878127
0.0,-0.1,0.8,0.5235987755982988,0.0,0,0.6982401,-0.6644214,1.2585474,-1.1525348,0.22196163,-0.19990942,0.18715374,1.5038528,0.91877806,-0.94118667,-0.076619975,-0.478805,1.449942,0.84460336
0.0,-0.1,0.8,0.5235987755982988,0.0,0,0.32161024,-0.6119669,0.23072791,-0.21266058,0.41992155,0.38955224,-0.12391081,1.2959113,0.9970406,-0.690192,-0.018149512,-0.06699443,1.345765,0.7912631
0.0,-0.1,0.8,0.5235987755982988,0.0,0,0.5522401,-0.90676135,1.8338388,-0.5542682,0.19603363,-0.26528144,0.14342931,1.3682408,1.0597006,-0.38580206,0.18331218,-0.23794214,1.34894,0.99873835
0.0,-0.1,0.8,0.5235987755982988,0.0,0,0.80358684,-0.730086,0.16091493,-1.0049491,0.19802904,0.18092166,0.18688808,0.88400173,1.2636559,-0.55271906,0.07550808,-0.2636603,1.5062872,0.7764053
0.0,-0.1,0.8,0.5235987755982988,0.0,0,1.4990305,-0.66011304,0.80632126,-0.049929526,-0.22325751,0.0154819405,0.12585644,1.3514497,1.1925118,-0.70964855,0.022798197,-0.07051272,1.488915,0.771216
0.0,-0.1,0.8,0.5235987755982988,0.0,0,1.0486499,-0.45913222,-0.10932314,-0.19973293,-0.2857804,0.2894264,-0.2418628,1.3318654,0.9724998,-0.74613124,-0.04528259,-0.1624164,1.3620673,0.75944215
0.0,-0.1,0.8,0.5235987755982988,0.0,0,0.7356759,-0.55268747,0.19433084,-0.6420175,0.5517551,-0.45120028,0.23641765,1.3268166,0.9753873,-0.660196,-0.15545838,-0.14127485,1.4007937,0.919886
0.0,-0.1,0.8,0.5235987755982988,0.0,0,1.1688449,-1.2426338,-0.29926604,-0.20088907,0.5843866,-0.19256204,-0.18197082,1.2664111,1.152283,-0.8665562,0.09125906,-0.18810406,1.4038777,1.0111679
0.0,-0.1,0.8,0.5235987755982988,0.0,0,0.45392293,-0.86048496,0.15486635,-0.6762868,-0.19274563,-0.12239026,-0.5186944,1.4216654,1.1485683,-0.390928,-0.1466278,-0.42691895,1.2620904,0.84025323
0.0,-0.1,0.8,0.5235987755982988,0.0,0,0.8751667,-0.9898872,0.84604657,-0.30069536,0.39719212,-0.017201189,0.033956293,1.3227088,1.1137686,-0.8042065,0.047750466,-0.12756771,1.5649338,0.8852261
0.0,-0.1,0.8,0.5235987755982988,0.0,0,0.875707,-0.41049242,-0.04261056,-0.46933782,-0.4232317,-0.15061021,-0.521959,1.3330121,0.9579961,-0.38544202,-0.20776393,-0.24445844,1.439721,0.80608666
0.0,-0.1,0.8,0.5235987755982988,0.0,0,1.1933626,-0.34278286,1.3223387,-0.57469255,0.42728683,0.06280997,0.06079845,1.3599064,1.1802218,-0.67270225,-0.08075817,-0.25445378,1.4597883,0.85934055
0.0,-0.1,0.8,0.5235987755982988,0.0,0,0.22844766,-0.91180044,0.6036922,-0.7698004,-0.12505655,0.058980007,-0.36778945,1.3292571,1.1679528,-0.6442783,0.07099375,-0.25940683,1.4160099,0.8265991
0.0,-0.1,0.8,0.5235987755982988,0.0,0,0.053892355,-0.75317854,0.15874982,-0.5880057,0.42315808,0.1111485,0.22371076,1.3249793,1.0010314,-0.7006978,-0.04365419,-0.16761859,1.3027316,0.97338843
0.0,-0.1,0.8,0.5235987755982988,0.0,0,0.8768925,-0.7570418,-0.36952153,-0.15436621,-0.27590534,-0.08228312,0.01199721,1.4810246,1.193448,-0.8297954,0.02203818,-0.29492733,1.4182626,0.91349125
0.0,-0.1,0.8,0.5235987755982988,0.0,0,1.8474371,-0.5841971,1.3485048,-0.1292087,-0.124491036,0.031228425,-0.19311762,1.2781955,0.9647757,-0.738266,-0.0035561777,-0.13550767,1.4696529,1.0492306
0.0,-0.1,0.8,0.5235987755982988,0.0,0,-0.4910254,-0.534452,0.8875322,-0.84838706,0.24106506,0.017160725,0.06044374,1.0141418,1.3831286,-0.7192761,0.1790805,-0.21672282,1.3312141,0.8481806
0.0,-0.1,0.8,0.5235987755982988,0.0,0,1.103711,-0.4966922,0.13023628,-0.5619048,1.3771448,-0.045016788,-0.099737555,1.3563881,1.056402,-0.9482787,0.28766328,-0.42408162,1.3857958,1.0373821
0.0,-0.1,0.8,0.5235987755982988,0.0,0,1.2127322,-0.107718095,1.1819221,-0.26248717,0.5294515,0.0928703,0.23644724,1.2821451,0.93007785,-0.63094246,-0.21801022,-0.053169906,1.3925997,0.92821753
0.0,-0.1,0.8,0.5235987755982988,0.0,0,0.33178955,-0.95266074,0.76033974,-0.2939797,-0.2515681,0.0070195487,-0.39455792,1.3171222,0.73074114,-0.61116076,-0.31682798,-0.07833042,1.3693348,0.6819233
0.0,-0.1,0.8,0.5235987755982988,0.0,0,0.8237081,-0.013702421,0.66824216,-0.123237394,-1.1405903,0.03735203,-0.19155025,1.564058,1.3121397,-0.6736955,-0.066899486,-0.1958932,1.3529634,0.922172
0.0,-0.1,0.8,0.5235987755982988,0.0,0,-0.21901774,-0.7108169,0.61881554,-0.3795779,-0.24606888,0.0038328362,0.022493418,1.0446743,1.1769813,-0.43185413,-0.016143493,-0.16761221,1.3957064,0.9035361
0.0,-0.1,0.8,0.5235987755982988,0.0,0,1.5193015,-0.8459585,-0.03673864,-0.57091707,0.47530818,0.19691615,0.105528325,1.3580846,1.0541123,-0.67817754,-0.23221909,-0.29882786,1.4374257,0.5903137
0.0,-0.1,0.8,0.5235987755982988,0.0,0,0.7142478,-0.8677995,-1.2664196,-0.18172228,0.096427634,-0.37406248,0.3000903,1.2201302,1.4564685,-0.7881742,-0.0493334,-0.39165887,1.3691636,0.7789668
0.0,-0.1,0.8,0.5235987755982988,0.0,0,0.10264557,-0.05938937,0.24384685,-0.2722855,0.17313838,0.04632807,-0.3026157,1.3964016,1.3273218,-0.84555036,-0.15818606,-0.35635614,1.4098362,0.88842434
0.0,-0.1,0.8,0.5235987755982988,0.0,0,0.40871403,-0.72860765,0.7237892,-0.34969592,0.7691784,0.02335294,-0.24455886,1.47354,1.0928574,-0.5567251,0.28796113,-0.117323115,1.5228925,1.0064996
0.0,-0.1,0.8,0.5235987755982988,0.0,0,0.69595325,-0.6914533,-0.8864576,-0.7725023,0.39546508,-0.03692076,-0.21247971,1.4694895,1.2425618,-1.0726292,0.08659004,-0.048136257,1.4219371,0.8756392
0.0,-0.1,0.8,0.5235987755982988,0.0,0,1.1871934,-0.55472445,-0.7504959,-0.40887716,-0.8048445,-0.2919756,-0.20683691,1.4029028,1.3914026,-0.5869446,0.07404155,-0.06708366,1.3050629,0.85273194
0.0,-0.1,0.8,0.5235987755982988,0.0,0,0.5276195,-0.64332134,0.14186376,-0.6361673,-0.035089936,-0.117728665,-0.45314413,1.3915392,1.2828689,-0.57679254,-0.012570411,-0.07436503,1.4502003,0.79189146
0.0,-0.1,0.8,0.5235987755982988,0.0,0,1.6177542,-0.63288945,-0.1444782,-0.4960814,0.22026765,-0.10014454,-0.22578405,1.4030088,1.1085088,-0.65803987,-0.1855195,-0.26928365,1.4741932,0.82455873
0.0,-0.1,0.8,0.5235987755982988,0.0,0,-0.107271336,-0.7999091,0.24665026,-0.5021647,-0.26225656,-0.19831824,0.14881705,1.2343658,1.181185,-0.5942497,-0.15004636,-0.31338978,1.4510386,0.79285616
0.0,-0.1,0.8,0.5235987755982988,0.0,0,0.42315412,-0.43510383,-0.17150737,-0.60134166,0.2534814,-0.48188654,-0.2578376,1.2132255,1.072651,-0.35327458,0.017935444,-0.061936818,1.3171595,0.85530126
0.0,-0.1,0.8,0.5235987755982988,0.0,0,1.1338991,-0.45491138,0.15279168,-0.08874014,-0.13966972,0.023429602,0.32347786,1.1889601,0.9372047,-0.82255125,-0.044666477,-0.19294088,1.4783143,0.97948134
0.0,-0.1,0.8,0.5235987755982988,0.0,0,0.1609768,-0.21138771,0.39314842,-0.53691113,-0.8550169,-0.45110363,0.07017951,1.4914767,1.2516255,-0.8508619,-0.4736315,-0.33696452,1.2629111,0.91681033
0.0,-0.1,0.8,0.5235987755982988,0.0,0,0.654261,-0.87513757,0.7531828,0.20183247,-0.2370302,-0.287844,-0.21724488,1.2055454,1.0235589,-0.79045975,0.04705602,-0.11398691,1.5461091,0.671005
0.0,-0.1,0.8,0.5235987755982988,0.0,0,0.9595309,-0.6044814,0.37425482,0.016877338,-0.10584816,-0.06794727,-0.10061785,1.4644887,1.1739968,-0.49003443,0.08708832,-0.24763139,1.4200193,0.9780158
0.0,-0.1,0.8,0.5235987755982988,0.0,0,0.5627096,-0.53017575,1.6486152,-0.5834598,-0.25299972,-0.028594365,0.080795765,1.2289481,1.4040565,-0.5627648,0.028210666,-0.2152867,1.3998418,0.89913315
0.0,-0.1,0.8,0.5235987755982988,0.0,0,1.2060189,-0.6921882,0.10530644,-0.2839197,0.6440122,-0.2072331,0.011262592,1.3970487,1.072158,-0.8242697,0.025153106,-0.19905093,1.3767582,0.94719136
0.0,-0.1,0.8,0.5235987755982988,0.0,0,0.93745947,-0.96292645,0.51236916,-0.3349771,-0.4307486,-0.0035014318,-0.010170962,1.2652828,1.5406882,-0.47754818,-0.08065686,-0.30089253,1.4355459,0.8534339
0.0,-0.1,0.8,0.5235987755982988,0.0,0,-0.42207205,-1.170672,0.86278504,-0.22456878,0.11029792,-0.3010195,-0.32567537,1.4077368,1.5044619,-0.5042803,-0.10651328,-0.114300095,1.4702185,0.9767808
0.0,-0.1,0.8,0.5235987755982988,0.0,0,1.3341861,-0.17867753,0.75574046,-0.40830556,0.13664322,-0.087191395,-0.016266232,1.3632865,1.5162743,-0.88828784,-0.24396582,-0.22611982,1.4402574,0.7698807
0.0,-0.1,0.8,0.5235987755982988,0.0,0,-0.3127171,-0.9862209,0.23551764,-0.8184221,0.7262689,-0.3035952,-0.21502489,1.4651339,1.2765535,-0.8813608,-0.07575116,-0.23574868,1.4349643,0.88520694
0.0,-0.1,0.8,0.5235987755982988,0.0,0,0.97448856,-0.7161632,0.14319137,-0.31218332,-0.27057874,0.021100925,-0.057158973,1.4627564,1.3121095,-0.6069579,0.00656804,-0.30015448,1.4948584,0.8497307
0.0,-0.1,0.8,0.5235987755982988,0.0,0,1.1864791,-0.39741477,-0.7143115,-0.68749386,0.8480087,0.08708958,0.13217197,1.440344,1.2689081,-0.6612147,0.07072801,-0.33935043,1.3441713,0.9290495
0.0,-0.1,0.8,0.5235987755982988,0.0,0,0.8403713,-0.7105388,0.35912368,-0.2701065,-0.53354263,-0.058921162,-0.22315909,1.196979,1.3263756,-1.0855008,-0.11215229,-0.24826103,1.5598142,1.1170388
0.0,-0.1,0.8,0.5235987755982988,0.0,0,0.14196026,-0.77623796,-0.122641794,-0.918724,-0.51319474,-0.0701545,0.1941088,1.4118515,1.343152,-0.51325506,0.0061612464,-0.1768923,1.5204252,0.8097888
0.0,-0.1,0.8,0.5235987755982988,0.0,0,-0.024942925,-0.7975127,0.6524695,-0.5389124,-0.028525207,-0.16310215,0.2987629,1.3719802,1.5820333,-0.32823518,-0.039216116,-0.1650624,1.4697065,0.8984923
0.0,-0.1,0.8,0.5235987755982988,0.0,0,1.0850188,-0.5288824,-0.57888466,0.11259165,-0.4751565,0.59654766,0.14580704,1.2496713,1.3428068,-0.5841294,0.14735475,-0.0075395033,1.479624,0.8601683
0.0,-0.1,0.8,0.5235987755982988,0.0,0,0.36131462,-0.22497557,-0.102307595,-0.5658908,0.027909532,0.15484725,-0.1130935,1.2646866,1.8569409,-0.46726295,-0.019022964,-0.19679719,1.3612367,0.93225306
0.0,-0.1,0.8,0.5235987755982988,0.0,0,1.4740028,-0.6696007,-1.3271511,-0.02558439,0.10091524,-0.11862946,0.025931079,1.3492435,1.7318088,-0.6422592,-0.23131825,0.15462632,1.5632402,1.0928088
0.0,-0.1,0.8,0.5235987755982988,0.0,0,2.0342774,-0.25460073,0.17377536,-0.3269342,-0.35362157,0.15701395,0.23449184,1.3416992,1.2631603,-0.6968052,-0.009543649,-0.27122152,1.4088719,0.80303025
0.0,-0.1,0.8,0.5235987755982988,0.0,0,0.5639815,-0.24560094,0.79534173,0.0031231185,0.23807357,-0.114908,0.24036197,1.5313666,1.8201319,-0.58718294,0.035410665,-0.311105,1.3371303,0.9740749
0.0,-0.1,0.8,0.5235987755982988,0.0,0,0.060903933,-0.579828,0.42038232,-0.39104104,-0.28746584,-0.09431645,0.1688553,1.356318,1.5092309,-0.4657712,0.035120808,-0.22219269,1.298444,0.9787877
0.0,-0.1,0.8,0.5235987755982988,0.0,0,0.025424283,-0.11977196,0.25625,-0.41230503,0.363197,-0.22108336,0.16033137,1.3834064,1.7349163,-0.41345745,-0.02092591,-0.25228858,1.370934,0.8075834
0.0,-0.1,0.8,0.5235987755982988,0.0,0,1.3245755,-0.38653645,1.5766772,-0.23796707,-1.0494531,0.05524474,0.13250673,1.2550786,1.4680929,-0.3967639,0.04438712,-0.25036874,1.5431416,0.8567272
0.0,-0.1,0.8,0.5235987755982988,0.0,0,2.6894536,-0.32757932,0.03032844,-0.44637406,-0.7246125,-0.12066367,0.052483708,1.4716376,0.9911722,-0.48373258,0.04365739,-0.3677563,1.4685034,0.838646
0.0,-0.1,0.8,0.5235987755982988,0.0,0,0.747603,-0.4807979,0.41309133,-0.43585178,-0.0099184625,-0.20055673,0.1801347,1.0335678,1.0910412,-0.5089268,-0.10309115,-0.12165867,1.3509984,0.94192374
0.0,-0.1,0.8,0.5235987755982988,0.0,0,1.3567221,-0.5427803,-0.71949387,-0.76788634,0.90027016,0.053886183,-0.3104003,1.28535,1.5141445,-0.7444971,0.07115585,-0.4140227,1.358518,0.972459
0.0,-0.1,0.8,0.5235987755982988,0.0,0,0.34113404,-0.80517256,0.85016525,-0.65656537,-0.34851035,-0.12064733,0.19559182,1.3603859,1.5094533,-0.62293816,-0.15284613,-0.18585037,1.3871495,0.90614206
0.0,-0.1,0.8,0.5235987755982988,0.0,0,1.3407242,-0.6774255,-0.54468316,-0.047743484,-0.43989223,-0.14034943,0.28648248,1.2865286,1.2747784,-0.66367215,-0.15016513,-0.0902862,1.4463103,0.8771522
0.0,-0.1,0.8,0.5235987755982988,0.0,0,0.32183307,-0.5789496,0.45736176,-0.271263,-0.6832183,0.111984774,-0.58528423,1.1879723,1.2876778,-0.6525058,-0.10170871,-0.24834406,1.4766732,0.8442383
0.0,-0.1,0.8,0.5235987755982988,0.0,0,1.514963,-0.81745607,-0.3440524,-0.6828263,-0.7500188,-0.15174907,-0.056574233,1.4574248,1.2723703,-0.6469349,0.017385213,-0.33991086,1.438589,0.87716687
0.0,-0.1,0.8,0.5235987755982988,0.0,0,0.55857223,-0.91603,0.31507906,-0.072024584,0.018011278,-0.30706197,-0.24452014,1.3812925,1.2228259,-0.48151672,-0.033372022,-0.3209754,1.3856623,0.9176668
0.0,-0.1,0.8,0.5235987755982988,0.0,0,1.8280151,-0.48514307,-0.263152,-0.29402986,-0.5392658,0.03993267,-0.5417135,1.4656622,1.2523915,-0.7306728,0.101673424,-0.38979933,1.3849579,0.68588513
0.0,-0.1,0.8,0.5235987755982988,0.0,0,0.66764885,-0.30663985,-0.56672496,0.020600654,0.6086084,-0.18204232,0.38083243,1.2734036,1.4820029,-0.55512464,-0.10440085,-0.39829373,1.4240626,0.96707684
0.0,-0.1,0.8,0.5235987755982988,0.0,0,0.012305537,-0.5173401,-0.8751962,-0.63929206,-0.5834282,-0.069894835,-0.27069756,1.1593709,1.4489567,-0.43641245,-0.17007367,-0.2908134,1.391154,0.9455403
0.0,-0.1,0.8,0.5235987755982988,0.0,0,0.64513546,-1.0179756,-1.4121022,-0.42744535,-0.54907364,-0.08560826,-0.21291587,1.3120806,1.547802,-0.56518304,-0.23796253,-0.13619994,1.4314075,0.9886675
0.0,-0.1,0.8,0.5235987755982988,0.0,0,0.06174392,-0.80115134,0.85603625,-0.5083771,-0.79243714,0.08931838,0.0023406765,1.4527454,1.4653653,-0.46276474,-0.14555614,-0.22428563,1.395574,0.95501995
0.0,-0.1,0.8,0.5235987755982988,0.0,0,0.41601253,-0.835607,0.8880795,-0.40996593,0.21578984,-0.1865447,-0.5178884,1.1145625,1.4729939,-0.5038869,-0.2866752,-0.20823075,1.5601252,0.74811447
0.0,-0.1,0.8,0.5235987755982988,0.0,0,0.31539166,-0.25444642,0.35390434,-0.9552472,0.34163675,0.11226373,0.04379993,1.0987926,1.4285386,-0.6138363,-0.15797825,-0.28082505,1.4841592,0.88887346
0.0,-0.1,0.8,0.5235987755982988,0.0,0,1.1104083,-0.020958684,-0.9931585,-0.69798386,-0.09867621,-0.07670885,0.23092909,1.1467086,1.4582375,-0.6733967,-0.12670194,-0.25229934,1.4701289,0.89716375
0.0,-0.1,0.8,0.5235987755982988,0.0,0,0.15106745,-1.1342986,0.014328335,-0.48748916,-0.39165345,0.15334237,-0.5780055,1.2908248,1.5050648,-0.61398906,-0.18007226,-0.13345018,1.381909,0.98973715
0.0,-0.1,0.8,0.5235987755982988,0.0,0,1.6497433,-0.5403852,1.001617,-1.2541243,-0.43212953,-0.19893315,0.024629742,1.2251534,1.4688842,-0.7727342,-0.12806222,-0.12962909,1.4757588,0.7014198
0.0,-0.1,0.8,0.5235987755982988,0.0,0,0.017150946,-0.32969162,0.62493765,-1.1769282,0.1776887,-0.2987485,-0.3825546,1.242433,1.2676692,-0.69582987,-0.09869317,-0.11024399,1.3791945,0.9111381
0.0,-0.1,0.8,0.5235987755982988,0.0,0,-0.54774684,-0.7249442,-0.7421014,-0.47619772,0.8690875,-0.3029894,-0.08391004,1.3649282,1.4636399,-0.7592501,-0.11067248,-0.2013616,1.4581943,0.795269
0.0,-0.1,0.8,0.5235987755982988,0.0,0,0.029259758,-0.8874596,1.1530086,-0.12686151,0.23951219,0.15400107,0.22634086,1.4532909,1.4879638,-0.69019026,-0.093542635,-0.22267361,1.3415262,0.90527356
0.0,-0.1,0.8,0.5235987755982988,0.0,0,0.81313616,-0.3157355,0.6345466,-0.78872114,-0.16762517,-0.13743766,0.26369703,1.1634008,1.4380513,-0.5812001,-0.12368293,-0.20079094,1.4157062,0.830041
0.0,-0.1,0.8,0.5235987755982988,0.0,0,1.1987367,-0.77235836,-0.44303584,-0.52617127,0.5054892,-0.43129238,0.20600139,1.1688119,1.4834777,-0.6130173,-0.19132335,-0.26254433,1.5130265,0.95498925
0.0,-0.1,0.8,0.5235987755982988,0.0,0,0.07260993,-0.16614385,-0.45691448,-0.79111946,-0.38192654,0.103913926,-0.08607583,1.2567723,1.4721514,-0.5886432,-0.23841932,-0.052356467,1.5005289,0.7682107
0.0,-0.1,0.8,0.5235987755982988,0.0,0,0.33355957,-0.7214617,-0.6290404,-0.6050139,-0.34263453,0.07419253,-0.3152226,1.3105072,1.4396785,-0.76986223,-0.21105166,-0.1299392,1.5059543,0.9439071
0.0,-0.1,0.8,0.5235987755982988,0.0,0,1.7079743,-0.86539316,-0.22054999,-0.44019237,0.07191922,-0.10153928,-0.04468345,1.268484,1.4831976,-0.52296627,-0.13909522,-0.27883944,1.3690925,0.84868777
0.0,-0.1,0.8,0.5235987755982988,0.0,0,0.48898214,-0.927548,1.542286,-0.5117196,0.3327389,-0.19247662,-0.23845066,1.1657723,1.2837989,-0.4836409,0.08238875,-0.53411436,1.3507264,0.90928906
0.0,-0.1,0.8,0.5235987755982988,0.0,0,1.2471491,-0.68416196,0.7582142,-0.29496422,-0.47215867,-0.09984841,0.10211187,1.2857599,1.5363554,-0.64876676,-0.18087725,-0.1433194,1.4046986,0.76021844
0.0,-0.1,0.8,0.5235987755982988,0.0,0,0.3781697,-0.71730286,1.1883241,-0.35607922,1.0727438,-0.03224551,0.5166044,1.3531387,1.5628818,-0.5414818,-0.20318802,-0.27848,1.489309,0.9041698
0.0,-0.1,0.8,0.5235987755982988,0.0,0,0.07143594,-0.8480079,0.44371292,-0.1757591,-0.54489404,-0.21410966,-0.32943997,1.4796813,1.4247103,-0.66625214,-0.05524679,-0.21697688,1.3208508,0.87318975
0.0,-0.1,0.8,0.5235987755982988,0.0,0,1.5244792,-0.3716204,-0.074561104,-0.6540699,-0.29380086,-0.019930009,0.023885394,1.1846021,1.469712,-0.5684815,-0.2264598,-0.16547371,1.4650083,0.859157
0.0,-0.1,0.8,0.5235987755982988,0.0,0,0.35303193,-0.5808771,-0.18056034,-0.5023958,0.29757398,-0.18619496,0.29436097,1.3445758,1.4510387,-0.7092682,-0.113028094,-0.30233473,1.4982563,0.7366494
0.0,-0.1,0.8,0.5235987755982988,0.0,0,1.4241151,-0.95040923,0.821579,-0.53968066,0.17078851,-0.05112845,0.14960083,1.3256068,1.4695169,-0.69841784,-0.15615854,-0.28546274,1.5130022,0.9951587
0.0,-0.1,0.8,0.5235987755982988,0.0,0,2.0993016,-0.43596688,0.07008801,-0.44979337,-0.32382712,0.07786733,-0.20138828,1.2439685,1.4771185,-0.5510466,-0.18818194,-0.16028559,1.4249389,0.872474
0.0,-0.1,0.8,0.5235987755982988,0.0,0,0.7683764,-0.72879887,2.7884142,-1.0201998,-0.9153394,-0.31561053,0.13263096,1.4341927,1.5324847,-0.71914864,-0.22557755,-0.062077988,1.5117202,1.0100672
0.0,-0.1,0.8,0.5235987755982988,0.0,0,0.98714876,-0.072112285,-0.005023431,-0.4575646,-0.33734825,-0.015693545,0.032702412,1.4765459,1.5065225,-0.5691677,-0.09597355,-0.14960898,1.3745842,0.80396235
0.0,-0.1,0.8,0.5235987755982988,0.0,0,1.352344,-0.5242588,0.13203724,-0.3941989,0.04727421,-0.036548704,0.3037005,1.4065229,1.2541534,-0.4227794,0.032619033,-0.2233634,1.2929572,0.8644887
0.0,-0.1,0.8,0.5235987755982988,0.0,0,0.49883562,-0.5986855,0.54368746,-0.38216874,-0.06769846,-0.2794073,0.17321944,1.2082402,1.4466426,-0.4906977,-0.020275928,-0.19535668,1.334213,0.9700371
0.0,-0.1,0.8,0.5235987755982988,0.0,0,0.3362119,-0.55946606,0.9960865,-0.88314766,0.116816126,-0.104427055,0.10043926,1.2753159,1.4508724,-0.580339,-0.18532072,-0.20770286,1.4627087,0.83388764
0.0,-0.1,0.8,0.5235987755982988,0.0,0,2.0453131,0.07798654,0.23996925,-0.5975721,0.62299687,0.046329014,0.61264235,1.3557332,1.4710957,-0.5968375,-0.22080794,-0.188046,1.5130699,0.815765
0.0,-0.1,0.8,0.5235987755982988,0.0,0,1.3125867,-0.51387805,0.21055968,-0.37701055,-0.22858004,-0.3021595,-0.21400009,1.2755909,1.4455795,-0.6493437,-0.21348512,-0.07053271,1.4694914,0.94316083
0.0,-0.1,0.8,0.5235987755982988,0.0,0,0.6504306,-0.28202388,-0.29159674,-0.45359293,0.34724346,-0.1537248,0.014044454,1.4761792,1.3298047,-0.4851434,0.08678126,-0.11841624,1.3079242,0.9864902
0.0,-0.1,0.8,0.5235987755982988,0.0,0,1.5237591,-0.40665337,-0.6177132,-0.23411994,-0.5750048,-0.20578562,-0.317668,1.4122074,1.2337973,-0.6111784,-0.0606756,-0.049599368,1.5097817,0.92174846
0.0,-0.1,0.8,0.5235987755982988,0.0,0,1.3319782,-1.1532726,-0.58899355,-0.18043073,-1.5220249,-0.039028082,0.1809343,1.2539698,1.6358664,-0.49800733,-0.3731781,-0.0580004,1.4088581,0.8111958
0.0,-0.1,0.8,0.5235987755982988,0.0,0,0.42161238,-0.7447332,0.28931975,-0.36313635,0.4779992,-0.1518021,-0.053246677,1.1995755,1.2210929,-0.44326195,0.00049549795,-0.19404745,1.3873008,0.8344132
0.0,-0.1,0.8,0.5235987755982988,0.0,0,0.8994573,-1.1309723,-0.63636374,-0.3926539,-0.2891179,-0.01996469,-0.31826565,1.2517928,1.3835038,-0.43669727,-0.16406932,-0.27645773,1.4469699,0.7537059
0.0,-0.1,0.8,0.5235987755982988,0.0,0,0.8613898,-0.8123447,0.7459002,-0.5650443,0.59686095,-0.06597922,-0.12261263,1.5727243,1.5824369,-0.543131,-0.12998699,-0.19369917,1.373441,0.8747579
0.0,-0.1,0.8,0.5235987755982988,0.0,0,0.6145301,-0.8600623,0.6985804,-0.124171026,0.56334215,-0.2875287,0.21684028,1.2944858,1.831867,-0.60417265,-0.4098977,-0.23666771,1.4815313,0.90699244
0.0,-0.1,0.8,0.5235987755982988,0.0,0,1.0622406,-0.90167254,0.54912364,-0.619184,-0.3493266,-0.2628744,-0.19001338,1.3607601,1.6638514,-0.5807489,-0.24597119,-0.20539983,1.3425518,0.7393566
0.0,-0.1,0.8,0.5235987755982988,0.0,0,1.2683452,-0.104953066,0.6495032,-0.159776,-0.14235482,-0.27260298,0.1460765,1.4093095,1.4939573,-0.41926354,-0.19642393,-0.31320098,1.3360809,0.73270047
0.0,-0.1,0.8,0.5235987755982988,0.0,0,0.36066213,-0.7824201,0.4343762,-0.4543698,1.3259437,-0.52779514,-0.4258219,1.2912079,1.586916,-0.6574889,-0.19789389,-0.16702347,1.3485911,1.0107547
0.0,-0.1,0.8,0.5235987755982988,0.0,0,0.98912245,-0.2997032,-0.62413687,-0.49797824,0.2724518,-0.30388734,0.35462955,1.3277975,1.666761,-0.68849874,-0.17787986,-0.26970282,1.4281545,0.90494347
0.0,-0.1,0.8,0.5235987755982988,0.0,0,1.3005273,-0.61139864,-0.13416047,-0.21773368,-0.12915899,-0.006149201,0.1803863,1.3022242,1.5899931,-0.6310878,-0.26892006,-0.022402419,1.3592833,1.0232002
0.0,-0.1,0.8,0.5235987755982988,0.0,0,1.1153814,-0.46667194,-0.54690915,-0.38325888,-0.9708606,-0.20533073,0.107697904,1.3740989,1.7609062,-0.7900033,-0.3207847,-0.11429104,1.5312076,0.95939654
0.0,-0.1,0.8,0.5235987755982988,0.0,0,-0.06343653,-0.44699693,-0.60665977,-0.89480156,0.07470469,-0.118140854,0.17160548,1.4204443,1.6871463,-0.63107187,-0.24191459,-0.032014348,1.3871161,0.85072786
0.0,-0.1,0.8,0.5235987755982988,0.0,0,0.28103352,-0.87166834,0.43370602,-1.1536708,-0.5360035,-0.40427876,0.0106731355,1.0865433,1.4142188,-0.4645723,-0.27512833,-0.30594742,1.5118502,0.8797528
0.0,-0.1,0.8,0.5235987755982988,0.0,0,0.35501096,-0.37907472,1.1797335,-0.70271677,-0.038153175,-0.14271314,0.18189569,1.2936852,1.6342027,-0.8457778,-0.14061181,-0.13582076,1.4309928,1.0699086
0.0,-0.1,0.8,0.5235987755982988,0.0,0,1.3081659,-0.026162194,-0.20034726,-0.49829468,0.51891875,-0.30677518,-0.5359422,1.146576,1.1464574,-0.6109964,-0.052605323,-0.2345398,1.5244329,0.70742464
0.0,-0.1,0.8,0.5235987755982988,0.0,0,1.7892172,-1.187006,-1.3516431,-0.8748801,-0.48777646,-0.30019203,0.024307476,1.2744606,1.0616155,-0.8562725,-0.015054963,-0.017054612,1.5181005,0.7653013
0.0,-0.1,0.8,0.5235987755982988,0.0,0,0.9981614,-1.0245823,0.09431304,-0.48906925,-0.35698283,-0.047631685,-0.3172742,1.4613554,1.7459168,-0.624616,-0.29863974,-0.103425235,1.418419,0.98631215
0.0,-0.1,0.8,0.5235987755982988,0.0,0,0.36151963,-0.520009,0.008764735,-0.65726036,-0.83128417,-0.04677058,0.18166728,1.1714635,1.3734785,-0.61172885,-0.1749815,0.07287433,1.2738659,0.64900035
0.0,-0.1,0.8,0.5235987755982988,0.0,0,1.4243821,-0.55873394,1.0423552,-0.57328975,-0.2353,-0.17369507,-0.66116613,1.2996325,1.1814716,-0.69508857,-0.002914115,-0.16644183,1.3159425,0.8857038
0.0,-0.1,0.8,0.5235987755982988,0.0,0,1.1665958,-0.7329683,1.038915,-0.7545424,-0.28590962,-0.24732165,0.17672808,1.3136024,1.2273111,-0.63373435,-0.08712521,-0.099075116,1.416715,1.0989395
0.0,-0.1,0.8,0.5235987755982988,0.0,0,1.2988354,-0.13595806,-0.038241927,-0.42788145,0.5824629,0.14683898,-0.416985,1.5220919,1.3173476,-0.64094734,-0.050564278,-0.16627045,1.3376994,0.76938605
0.0,-0.1,0.8,0.5235987755982988,0.0,0,0.84563726,-0.9184548,-1.049779,-0.34629345,0.3751732,-0.12490301,-0.092832774,1.3506705,1.6389362,-0.669382,-0.23006292,-0.13811567,1.4189253,0.7361031
0.0,-0.1,0.8,0.5235987755982988,0.0,0,1.4561177,-0.21868671,0.017737625,-0.87491786,0.27683488,0.0019094936,0.007660466,1.0661877,1.3183645,-0.4574697,-0.10807797,-0.38373712,1.3874583,0.8786807
0.0,-0.1,0.8,0.5235987755982988,0.0,0,0.02698982,-0.46963656,0.4468145,-0.5281441,-0.9250878,-0.22885168,-0.33382493,1.4212973,1.3540037,-0.79953223,0.0072720973,-0.03768909,1.3103573,0.8952548
0.0,-0.1,0.8,0.5235987755982988,0.0,0,0.2739337,-0.23705311,0.036539573,-0.59850675,-0.23787755,0.114475414,0.36896095,1.4967303,1.8106549,-0.7228377,-0.2698144,0.09608405,1.356836,0.8879523
0.0,-0.1,0.8,0.5235987755982988,0.0,0,-0.1288918,-0.8336249,-1.0944871,-0.67063177,-0.108688965,-0.52949053,-0.03043166,1.1925763,1.1264778,-0.5073021,-0.05104778,-0.24260148,1.4507381,0.81536597
0.0,-0.1,0.8,0.5235987755982988,0.0,0,0.45232016,-0.4003794,0.9545652,-0.4927579,-0.3772842,-0.02832141,-0.14733821,1.0809584,1.2087021,-0.41573766,-0.10944848,-0.09962866,1.324834,0.84417254
0.0,-0.1,0.8,0.5235987755982988,0.0,0,-0.46470028,-0.04335097,0.76629543,-0.47702447,-0.42332986,-0.0072420985,0.15191366,1.1701642,1.0765629,-0.5274992,-0.08211707,-0.14903378,1.4009656,0.77589124
0.0,-0.1,0.8,0.5235987755982988,0.0,0,2.0751612,-0.27725607,-0.19042824,-0.96334136,-0.25789297,-0.13549992,-0.1539191,1.5629638,1.428087,-0.57011634,-0.12859517,-0.13533388,1.3982196,0.9476428
0.0,-0.1,0.8,0.5235987755982988,0.0,0,0.3091525,-0.9578346,-1.7012423,-0.4865725,-0.04351858,-0.09983303,0.12428458,1.1272298,1.1474967,-0.5038442,-0.108764805,-0.014412488,1.4373167,0.9959808
0.0,-0.1,0.8,0.5235987755982988,0.0,0,1.5071294,-0.4156393,0.23641592,-0.14190479,-0.020540608,0.07952998,0.041458894,1.0110354,1.4034877,-0.5879306,-0.21654427,-0.017656865,1.3581283,0.6372384
0.0,-0.1,0.8,0.5235987755982988,0.0,0,0.5264499,-1.7699766,0.6001502,-0.2212686,0.39541873,-0.34380525,-0.100768074,1.0022628,1.1436712,-0.53478265,-0.08553752,-0.19888733,1.4156866,0.8506552
0.0,-0.1,0.8,0.5235987755982988,0.0,0,0.8468748,-0.83280003,1.0499055,-0.6232543,-0.059317738,-0.115937084,-0.023628524,1.3541713,1.7427529,-0.9256437,-0.16147791,-0.08516586,1.4867264,0.91573334
0.0,-0.1,0.8,0.5235987755982988,0.0,0,2.5842226,-0.6714861,0.7941789,-0.6972514,-0.025579603,0.25934145,-0.22181386,1.3762573,1.4336306,-0.6078231,-0.13919464,-0.1646458,1.4257154,0.914171
0.0,-0.1,0.8,0.5235987755982988,0.0,0,0.78642285,-1.1230656,1.0542771,-0.7422733,-0.77084863,-0.12957436,-0.4378046,1.1207259,1.1419461,-0.22722699,-0.09274643,-0.30059987,1.4576313,0.9499592
0.0,-0.1,0.8,0.5235987755982988,0.0,0,-0.5028139,-0.77767056,1.1246917,-0.7218019,0.2299214,-0.08708466,-0.5033583,1.2271063,1.544335,-0.86416346,-0.086142965,-0.11425163,1.5164217,0.89754814
0.0,-0.1,0.8,0.5235987755982988,0.0,0,0.5737651,-0.7467912,-0.22990799,-0.24082924,0.1605781,-0.17730966,0.29301965,1.0849167,1.3819311,-0.65523535,-0.2476313,-0.06528907,1.4948591,0.8467845
0.0,-0.1,0.8,0.5235987755982988,0.0,0,0.5197514,-0.7131147,0.2275037,-0.47842273,-0.7837514,-0.48798957,0.13663001,1.341381,1.7850872,-0.9599416,-0.1125878,-0.13133833,1.4321352,0.7019591
0.0,-0.1,0.8,0.5235987755982988,0.0,0,-0.32931185,-0.50450885,1.6235347,-0.26153648,-0.034917664,-0.19127493,0.17642057,1.383362,1.6655668,-1.1374034,0.11776265,-0.0003111828,1.4066556,0.80648553
0.0,-0.1,0.8,0.5235987755982988,0.0,0,0.7505603,-0.51361036,0.13465095,-0.5724811,-0.22984046,-0.008489597,0.43194884,1.3171316,1.2269733,-0.70964897,0.010428455,-0.17979063,1.3527192,0.9721857
0.0,-0.1,0.8,0.5235987755982988,0.0,0,0.8570829,-0.542503,0.13991804,-0.5941981,-0.31903312,-0.09218841,0.06355611,1.2962868,1.1882128,-0.34382248,-0.04204912,-0.3583569,1.420583,0.88747525
0.0,-0.1,0.8,0.5235987755982988,0.0,0,0.53104514,-0.80109257,0.6912758,0.10377679,0.14669763,0.1214527,0.31600115,1.214738,1.1839985,-0.4612144,-0.07886419,-0.28163818,1.4331053,0.95914304
0.0,-0.1,0.8,0.5235987755982988,0.0,0,1.422066,-1.1602656,0.85485286,-0.574677,0.53317714,-0.16347505,0.7308231,1.3733555,1.3736953,-0.69401705,-0.062588595,-0.2064326,1.418481,0.76480097
0.0,-0.1,0.8,0.5235987755982988,0.0,0,0.038781848,-0.6073774,-0.4783184,-0.5660652,-0.4103621,-0.014319493,-0.046275947,1.261127,1.0383245,-0.5557014,0.020161284,-0.27509415,1.4309554,0.9601512
0.0,-0.1,0.8,0.5235987755982988,0.0,0,1.2641137,-0.4511154,0.09592023,-0.48736522,-0.16963875,-0.23776008,0.26655576,1.3195237,1.4851688,-0.58306956,-0.16310835,-0.21469903,1.3133531,1.0127872
0.0,-0.1,0.8,0.5235987755982988,0.0,0,2.075239,-0.50965023,-1.0798808,-0.31227762,0.15639706,0.14784162,-0.033860464,1.4053384,1.3901776,-0.612702,0.018578865,-0.29163325,1.27446,0.8588565
0.0,-0.1,0.8,0.5235987755982988,0.0,0,0.41779906,-0.536696,1.6214488,-0.31409466,-0.6579672,-0.19726573,-0.31778005,1.3920535,1.3009326,-0.64341766,0.05949996,-0.33154964,1.2679675,0.84480214
0.0,-0.1,0.8,0.5235987755982988,0.0,0,0.95483434,-1.4209281,1.2781923,-0.28324094,0.1545863,0.02301762,-0.064126,1.0689789,1.3215393,-0.594031,-0.13222446,-0.15695435,1.3723212,0.8396356
0.0,-0.1,0.8,0.5235987755982988,0.0,0,1.6700814,-0.09608152,0.50613385,-0.38973525,-0.123007305,0.17283677,-0.0332972,1.4227828,1.3590372,-0.7098453,0.014002,-0.24953984,1.3755387,0.8296888
0.0,-0.1,0.8,0.5235987755982988,0.0,0,1.5439676,-0.24471986,0.45736945,-0.36015147,0.38600782,-0.2239609,-0.042018708,1.4090354,1.2942877,-0.57453084,0.01447674,-0.42354307,1.4380386,0.95930576
0.0,-0.1,0.8,0.5235987755982988,0.0,0,-0.8576718,-0.95560634,0.82596534,-0.44312218,-0.15932755,0.053153377,-0.012206418,1.2580743,1.0594531,-0.36495575,-0.0009964689,-0.40112862,1.4700369,0.7436891
0.0,-0.1,0.8,0.5235987755982988,0.0,0,0.7090898,-0.9252883,0.34704083,-0.7080107,0.75892824,-0.21873282,0.29127312,1.2408693,1.0798693,-0.56725657,-0.0775742,-0.18764773,1.4698123,0.72717345
0.0,-0.1,0.8,0.5235987755982988,0.0,0,0.3813796,-0.6634658,-0.058802858,-0.2970856,-0.83110267,-0.0075567123,0.07883677,1.2879328,1.7769053,-0.4820974,-0.17867382,-0.01126858,1.4137467,0.7769476
0.0,-0.1,0.8,0.5235987755982988,0.0,0,1.2432116,-0.75629866,1.9656913,-0.59292537,-1.091213,-0.23459579,-0.008887658,1.2613354,1.0838404,-0.7942703,0.04684141,-0.12667295,1.4506432,0.92211103
0.0,-0.1,0.8,0.5235987755982988,0.0,0,1.5093597,-1.1135694,0.10415532,-0.47467488,-1.1605085,-0.05139969,-0.03676214,1.3512243,1.5227649,-0.67392373,-0.20358333,-0.09751355,1.4161086,0.81230366
0.0,-0.1,0.8,0.5235987755982988,0.0,0,1.3508458,-0.43307412,0.27865526,-0.2454127,0.32042056,-0.2405134,0.0841656,1.0502898,1.3415619,-0.48090434,-0.19261616,-0.14997502,1.430068,0.82188827
0.0,-0.1,0.8,0.5235987755982988,0.0,0,1.4274089,-0.5276389,0.58455247,-0.26868734,-0.48141438,-0.3905113,0.04395319,1.4525806,1.2938651,-0.56436026,0.0011613836,-0.31793463,1.4070269,1.020533
0.0,-0.1,0.8,0.5235987755982988,0.0,0,1.3575336,-0.39884478,0.4041832,-0.3853757,-0.58227694,-0.050495632,-0.1012772,1.125904,1.2993087,-0.7852853,-0.16244802,0.06981899,1.4720072,0.9747017
0.0,-0.1,0.8,0.5235987755982988,0.0,0,1.2860498,-1.1482443,0.7677711,-0.5574867,1.2352005,-0.26638424,-0.33379555,1.1273509,1.3109494,-0.62945116,-0.1706101,-0.19504605,1.4967263,1.0018157
0.0,-0.1,0.8,0.5235987755982988,0.0,0,1.8787675,0.18636544,0.059591945,-0.24350442,0.81851953,-0.10188695,-0.012416431,1.3240337,1.0661511,-0.42341813,0.017871132,-0.28716317,1.393565,0.8582426
0.0,-0.1,0.8,0.5235987755982988,0.0,0,1.3983076,0.33510053,1.4310153,-0.57272077,-0.45933565,-0.47816736,0.13092375,1.0953009,1.28939,-0.895552,-0.024888933,-0.1147027,1.4714849,0.83731306
0.0,-0.1,0.8,0.5235987755982988,0.0,0,0.8008473,-0.39668474,-0.23864558,-0.3457884,0.23872063,-0.4534888,-0.024551347,1.209044,1.5555696,-0.71360946,-0.080131054,-0.22729842,1.4198983,0.8186525
0.0,-0.1,0.8,0.5235987755982988,0.0,0,-0.027418528,-0.6231987,-0.11508989,-0.20669658,-0.228415,-0.03402607,0.2708053,1.438568,1.1192701,-0.62721115,0.0053577726,-0.15509173,1.3598057,0.8288297
0.0,-0.1,0.8,0.5235987755982988,0.0,0,1.6132585,-0.28507456,1.3549547,-0.16777499,0.6413714,-0.042730138,-0.16157138,1.0689641,1.3150749,-0.4380441,-0.04602827,-0.4178674,1.3922217,1.0199251
0.0,-0.1,0.8,0.5235987755982988,0.0,0,1.241295,-1.0403558,-0.35761145,0.017417397,0.3153355,-0.112650625,0.11297368,1.2894906,1.5166125,-0.7371004,0.04911089,-0.22287183,1.2698808,0.93294424
0.0,-0.1,0.8,0.5235987755982988,0.0,0,1.758534,-0.963565,-0.1625181,-0.3043904,-0.09734571,-0.035947345,-0.12695795,1.1270905,1.5980816,-0.51366156,-0.35210824,-0.079492725,1.4260256,0.8792209
0.0,-0.1,0.8,0.5235987755982988,0.0,0,0.4414205,-0.51758975,0.42239422,-0.39630127,0.5075093,-0.08369123,-0.2228391,1.1550543,1.4033111,-0.5521653,-0.20391734,-0.012414352,1.4534545,1.0679537
0.0,-0.1,0.8,0.5235987755982988,0.0,0,0.4054493,-0.4521726,-0.2649497,0.0022204453,-0.13697894,0.011001826,-0.049403846,1.2186819,1.3723307,-0.45253217,-0.16940081,-0.10660309,1.4079202,0.9299175
0.0,-0.1,0.8,0.5235987755982988,0.0,0,1.2769556,-0.89330417,0.62364465,-0.7014371,0.5701832,-0.24975732,0.04001359,1.4974436,1.6534383,-0.48732656,0.023864547,-0.4650167,1.2935504,0.948892
0.0,-0.1,0.8,0.5235987755982988,0.0,0,0.49090293,-1.2464696,0.9916828,-0.28887603,-0.1586648,0.14183536,-0.20712964,1.3646822,1.5577235,-0.7668469,-0.23766303,-0.017519748,1.419771,0.9765584
0.0,-0.1,0.8,0.5235987755982988,0.0,0,0.73402816,-0.6982595,0.6818392,-0.5325448,-0.8038504,0.13241898,0.021932459,1.2918713,1.0770535,-0.51279604,0.0035305042,-0.33041576,1.5562396,0.97813183
0.0,-0.1,0.8,0.5235987755982988,0.0,0,0.5390012,-0.44079947,1.1270099,-0.6815276,-0.49126878,-0.010676664,-0.05545457,1.3499714,1.2168808,-0.8710707,0.14601003,-0.1329884,1.347331,0.94037807
0.0,-0.1,0.8,0.5235987755982988,0.0,0,0.87749225,-0.60480547,-0.62497425,-0.13177253,0.14197105,-0.17261797,0.372945,1.0198106,1.1484178,-0.48046428,-0.14503126,-0.0008196716,1.295957,0.86479497
0.0,-0.1,0.8,0.5235987755982988,0.0,0,1.2561983,-0.29801914,-1.3838854,-0.4460226,0.13425393,-0.052012622,0.32395434,1.108114,1.3429908,-0.7478653,-0.17267719,-0.028956724,1.3695354,0.83555424
0.0,-0.1,0.8,0.5235987755982988,0.0,0,1.5302244,-0.64277923,0.42679858,-0.7648552,-1.0246891,-0.17996243,0.17989431,1.3182617,1.73688,-1.1174117,0.21553905,-0.17753525,1.4477353,0.8270998
0.0,-0.1,0.8,0.5235987755982988,0.0,0,0.50649774,-0.38948742,-0.0439494,-0.7617084,-0.9105701,-0.20599508,0.061207764,1.4054912,1.1295457,-0.7095797,0.016246688,-0.21526156,1.4161028,1.0074414
0.0,-0.1,0.8,0.5235987755982988,0.0,0,1.1139505,-0.7997471,0.42755777,-0.7316561,0.83178246,-0.106190264,-0.06777896,1.4682869,1.6920375,-0.9758154,0.003386608,-0.068279065,1.3506726,0.93679136
0.0,-0.1,0.8,0.5235987755982988,0.0,0,-0.010220136,-0.7493256,-0.3481303,-0.47179782,-0.107230514,-0.10781549,0.024762131,1.1955076,1.5020739,-0.68898004,-0.06523389,-0.07588508,1.305773,1.010056
0.0,-0.1,0.8,0.5235987755982988,0.0,0,1.1898521,-0.75771564,0.7745471,-0.3751415,-0.011128366,0.16844687,-0.04821428,1.1656424,1.5581616,-0.45884296,-0.13813156,-0.21304385,1.4562392,1.0287143
0.0,-0.1,0.8,0.5235987755982988,0.0,0,0.7729041,-0.64850706,0.61669827,-0.55711997,-0.013323807,-0.22705622,0.29520452,1.468108,1.0979353,-0.76255924,0.123060696,-0.24443963,1.3915796,0.8760615
0.0,-0.1,0.8,0.5235987755982988,0.0,0,0.29763207,-0.2245593,1.8382556,-0.64649385,0.34250474,-0.23417279,-0.14923893,1.194914,1.5270141,-0.5281333,0.00023982949,-0.11757966,1.307314,0.9541776
0.0,-0.1,0.8,0.5235987755982988,0.0,0,1.3311874,-1.6548002,-0.16271669,-0.026840625,-0.04541345,-0.19854586,-0.1722871,1.465385,1.2317113,-0.849004,0.11781968,-0.26697087,1.3924057,0.8071039
0.0,-0.1,0.8,0.5235987755982988,0.0,0,1.9685018,-1.1356269,1.1382693,-0.25553322,-0.23005506,-0.15708256,-0.11084265,1.5966463,1.4581695,-0.70214576,-0.06831737,-0.20057847,1.456266,0.6669785
0.0,-0.1,0.8,0.5235987755982988,0.0,0,0.43570417,-0.49065754,0.43911996,-0.18601327,-0.9389532,-0.2969264,0.3314753,1.1760916,1.4274541,-0.7846867,0.03846988,-0.28233713,1.4318776,0.8697885
0.0,-0.1,0.8,0.5235987755982988,0.0,0,0.6918855,-0.84201586,0.19388047,-0.47573623,0.960468,0.10281802,-0.2693026,1.2515572,1.5746733,-0.80345553,0.15146953,-0.42024812,1.4084402,0.9820533
0.0,-0.1,0.8,0.5235987755982988,0.0,0,0.81653166,-0.581838,-0.79534996,-0.093222365,0.73025954,-0.19656801,-0.039341044,1.1268463,1.4679546,-0.41067588,-0.043595262,-0.08302975,1.4093999,0.820246
0.0,-0.1,0.8,0.5235987755982988,0.0,0,0.5451697,-1.0376225,0.41975304,-0.3875221,-0.30978695,-0.29915202,0.12188994,1.3438203,1.4612894,-0.9610005,0.12539157,-0.2535803,1.4616556,0.9369505
0.0,-0.1,0.8,0.5235987755982988,0.0,0,1.484889,-1.1727337,-1.2373921,-0.46765846,-0.20532987,-0.086101264,0.22318621,1.5292238,1.2652626,-0.93655986,0.11003387,-0.05373949,1.4576782,0.805697
0.0,-0.1,0.8,0.5235987755982988,0.0,0,0.67929626,-0.9779145,-0.72720367,-0.40883458,0.41998646,-0.103286475,0.14697748,1.127875,0.8192634,-0.30494058,0.040121723,-0.14178143,1.371443,0.78520894
0.0,-0.1,0.8,0.5235987755982988,0.0,0,1.5356681,-0.3659214,-0.27554694,-0.8660809,0.11128253,-0.37179932,-0.32358885,1.4042641,1.1544433,-0.91411436,0.105778806,-0.22840302,1.4585041,0.9154422
0.0,-0.1,0.8,0.5235987755982988,0.0,0,1.0467064,-1.0608041,-0.40041998,-0.5683745,-0.78678524,0.08281583,-0.2718151,1.0766256,1.2244087,-0.5277252,0.18119876,-0.48480907,1.5026007,1.0547206
0.0,-0.1,0.8,0.5235987755982988,0.0,0,1.0467064,-1.0608041,-0.40041998,-0.5683745,-0.78678524,0.08281583,-0.2718151,1.0766256,1.2244087,-0.5277252,0.18119876,-0.48480907,1.5026007,1.0547206
0.0,-0.1,0.8,0.5235987755982988,0.0,0,1.0467064,-1.0608041,-0.40041998,-0.5683745,-0.78678524,0.08281583,-0.2718151,1.0766256,1.2244087,-0.5277252,0.18119876,-0.48480907,1.5026007,1.0547206
0.0,-0.1,0.8,0.5235987755982988,0.0,0,1.0467064,-1.0608041,-0.40041998,-0.5683745,-0.78678524,0.08281583,-0.2718151,1.0766256,1.2244087,-0.5277252,0.18119876,-0.48480907,1.5026007,1.0547206
0.0,-0.1,0.8,0.5235987755982988,0.0,0,1.0467064,-1.0608041,-0.40041998,-0.5683745,-0.78678524,0.08281583,-0.2718151,1.0766256,1.2244087,-0.5277252,0.18119876,-0.48480907,1.5026007,1.0547206
0.0,-0.1,0.8,0.5235987755982988,0.0,0,1.0467064,-1.0608041,-0.40041998,-0.5683745,-0.78678524,0.08281583,-0.2718151,1.0766256,1.2244087,-0.5277252,0.18119876,-0.48480907,1.5026007,1.0547206
0.0,-0.1,0.8,0.5235987755982988,0.0,0,1.0467064,-1.0608041,-0.40041998,-0.5683745,-0.78678524,0.08281583,-0.2718151,1.0766256,1.2244087,-0.5277252,0.18119876,-0.48480907,1.5026007,1.0547206
0.0,-0.1,0.8,0.5235987755982988,0.0,0,1.0467064,-1.0608041,-0.40041998,-0.5683745,-0.78678524,0.08281583,-0.2718151,1.0766256,1.2244087,-0.5277252,0.18119876,-0.48480907,1.5026007,1.0547206
0.0,-0.1,0.8,0.5235987755982988,0.0,0,0.8243679,-0.16870251,-0.47362265,-0.1571363,0.31151888,-0.2016927,0.00906557,1.668254,1.1792217,-0.91944724,0.20200896,-0.23442838,1.3570659,0.90075564
0.0,-0.1,0.8,0.5235987755982988,0.0,0,0.8243679,-0.16870251,-0.47362265,-0.1571363,0.31151888,-0.2016927,0.00906557,1.668254,1.1792217,-0.91944724,0.20200896,-0.23442838,1.3570659,0.90075564
0.0,-0.1,0.8,0.5235987755982988,0.0,0,0.8243679,-0.16870251,-0.47362265,-0.1571363,0.31151888,-0.2016927,0.00906557,1.668254,1.1792217,-0.91944724,0.20200896,-0.23442838,1.3570659,0.90075564
0.0,-0.1,0.8,0.5235987755982988,0.0,0,0.8243679,-0.16870251,-0.47362265,-0.1571363,0.31151888,-0.2016927,0.00906557,1.668254,1.1792217,-0.91944724,0.20200896,-0.23442838,1.3570659,0.90075564
0.0,-0.1,0.8,0.5235987755982988,0.0,0,0.8243679,-0.16870251,-0.47362265,-0.1571363,0.31151888,-0.2016927,0.00906557,1.668254,1.1792217,-0.91944724,0.20200896,-0.23442838,1.3570659,0.90075564
0.0,-0.1,0.8,0.5235987755982988,0.0,0,0.8243679,-0.16870251,-0.47362265,-0.1571363,0.31151888,-0.2016927,0.00906557,1.668254,1.1792217,-0.91944724,0.20200896,-0.23442838,1.3570659,0.90075564
0.0,-0.1,0.8,0.5235987755982988,0.0,0,0.8243679,-0.16870251,-0.47362265,-0.1571363,0.31151888,-0.2016927,0.00906557,1.668254,1.1792217,-0.91944724,0.20200896,-0.23442838,1.3570659,0.90075564
0.0,-0.1,0.8,0.5235987755982988,0.0,0,0.8243679,-0.16870251,-0.47362265,-0.1571363,0.31151888,-0.2016927,0.00906557,1.668254,1.1792217,-0.91944724,0.20200896,-0.23442838,1.3570659,0.90075564
0.0,-0.1,0.8,0.5235987755982988,0.0,0,0.8243679,-0.16870251,-0.47362265,-0.1571363,0.31151888,-0.2016927,0.00906557,1.668254,1.1792217,-0.91944724,0.20200896,-0.23442838,1.3570659,0.90075564
0.0,-0.1,0.8,0.5235987755982988,0.0,0,0.8243679,-0.16870251,-0.47362265,-0.1571363,0.31151888,-0.2016927,0.00906557,1.668254,1.1792217,-0.91944724,0.20200896,-0.23442838,1.3570659,0.90075564
0.0,-0.1,0.8,0.5235987755982988,0.0,0,1.5537639,-0.1671359,0.28842118,-0.34128782,-0.13967337,0.15579264,0.2984993,1.3572971,0.91073495,-0.8719277,0.08165981,-0.11719901,1.4364595,0.72773486
0.0,-0.1,0.8,0.5235987755982988,0.0,0,1.5537639,-0.1671359,0.28842118,-0.34128782,-0.13967337,0.15579264,0.2984993,1.3572971,0.91073495,-0.8719277,0.08165981,-0.11719901,1.4364595,0.72773486
0.0,-0.1,0.8,0.5235987755982988,0.0,0,1.5537639,-0.1671359,0.28842118,-0.34128782,-0.13967337,0.15579264,0.2984993,1.3572971,0.91073495,-0.8719277,0.08165981,-0.11719901,1.4364595,0.72773486
0.0,-0.1,0.8,0.5235987755982988,0.0,0,1.5537639,-0.1671359,0.28842118,-0.34128782,-0.13967337,0.15579264,0.2984993,1.3572971,0.91073495,-0.8719277,0.08165981,-0.11719901,1.4364595,0.72773486
0.0,-0.1,0.8,0.5235987755982988,0.0,0,1.5537639,-0.1671359,0.28842118,-0.34128782,-0.13967337,0.15579264,0.2984993,1.3572971,0.91073495,-0.8719277,0.08165981,-0.11719901,1.4364595,0.72773486
0.0,-0.1,0.8,0.5235987755982988,0.0,0,1.5537639,-0.1671359,0.28842118,-0.34128782,-0.13967337,0.15579264,0.2984993,1.3572971,0.91073495,-0.8719277,0.08165981,-0.11719901,1.4364595,0.72773486
0.0,-0.1,0.8,0.5235987755982988,0.0,0,-0.16179824,-1.01811,1.228183,-0.90472496,0.30281055,-0.2301715,-0.253179,1.2845687,0.8920072,-0.3794248,0.21260448,-0.33774444,1.227559,0.85641223
0.0,-0.1,0.8,0.5235987755982988,0.0,0,-0.16179824,-1.01811,1.228183,-0.90472496,0.30281055,-0.2301715,-0.253179,1.2845687,0.8920072,-0.3794248,0.21260448,-0.33774444,1.227559,0.85641223
0.0,-0.1,0.8,0.5235987755982988,0.0,0,-0.16179824,-1.01811,1.228183,-0.90472496,0.30281055,-0.2301715,-0.253179,1.2845687,0.8920072,-0.3794248,0.21260448,-0.33774444,1.227559,0.85641223
0.0,-0.1,0.8,0.5235987755982988,0.0,0,-0.16179824,-1.01811,1.228183,-0.90472496,0.30281055,-0.2301715,-0.253179,1.2845687,0.8920072,-0.3794248,0.21260448,-0.33774444,1.227559,0.85641223
0.0,-0.1,0.8,0.5235987755982988,0.0,0,-0.16179824,-1.01811,1.228183,-0.90472496,0.30281055,-0.2301715,-0.253179,1.2845687,0.8920072,-0.3794248,0.21260448,-0.33774444,1.227559,0.85641223
0.0,-0.1,0.8,0.5235987755982988,0.0,0,-0.16179824,-1.01811,1.228183,-0.90472496,0.30281055,-0.2301715,-0.253179,1.2845687,0.8920072,-0.3794248,0.21260448,-0.33774444,1.227559,0.85641223
0.0,-0.1,0.8,0.5235987755982988,0.0,0,-0.16179824,-1.01811,1.228183,-0.90472496,0.30281055,-0.2301715,-0.253179,1.2845687,0.8920072,-0.3794248,0.21260448,-0.33774444,1.227559,0.85641223
0.0,-0.1,0.8,0.5235987755982988,0.0,0,0.9947518,-0.40400755,-0.07419615,-0.36587077,-0.40648073,-0.19641931,0.4306455,0.626889,0.16988415,0.5993572,0.62858665,-0.5893278,1.1522813,0.6023551
